Manager,Poste,Joueur,Club
ADRIEN,G,K.TRAPP,Paris FC
ADRIEN,D,L.HOGSBERG,RC Strasbourg
ADRIEN,D,F.NAZINHO,AS Monaco
ADRIEN,D,A.HAKIMI,Paris Saint-Germain
ADRIEN,D,R.PERRAUD,LOSC Lille
ADRIEN,D,M.NAWROCKI,RC Lens
ADRIEN,M,M.SKORAS,RC Lens
ADRIEN,M,V.VITINHA,Paris Saint-Germain
ADRIEN,M,R.FAIVRE,AJ Auxerre
ADRIEN,M,P.LEES-MELOU,Paris FC
ADRIEN,M,T.LEBRIS,FC Lorient
ADRIEN,A,F.THAUVIN,RC Lens
ADRIEN,A,K.KVARATSKHELIA,Paris Saint-Germain
ADRIEN,A,J.OSO,RC Strasbourg
ANTHONY,G,D.GREIF,Olympique Lyonnais
ANTHONY,D,N.TAGLIAFICO,Olympique Lyonnais
ANTHONY,D,N.AGUERD,Olympique de Marseille
ANTHONY,D,W.PACHO,Paris Saint-Germain
ANTHONY,D,S.ABDULHAMID,RC Lens
ANTHONY,D,K.LALA,Stade Brestois
ANTHONY,M,I.KEBBAL,Paris FC
ANTHONY,M,P.SULC,Olympique Lyonnais
ANTHONY,M,V.RONGIER,Stade Rennais
ANTHONY,M,A.AVOMEBONG,FC Lorient
ANTHONY,A,M.ABLINE,AS Monaco
ANTHONY,A,Y.TITRAOUI,RC Lens
ANTHONY,A,M.GODO,RC Strasbourg
ANTHONY,A,D.BAKWA,LOSC Lille
BASTIEN,G,R.RISSER,RC Lens
BASTIEN,D,M.UDOL,RC Lens
BASTIEN,D,T.WEAH,Olympique de Marseille
BASTIEN,D,V.ALEXSANDRO,LOSC Lille
BASTIEN,D,M.MBOW,Paris FC
BASTIEN,D,A.WITSEL,OGC Nice
BASTIEN,M,J.CHOTARD,Stade Brestois
BASTIEN,M,A.THOMASSON,Stade Rennais
BASTIEN,M,D.ZAKARIA,AS Monaco
BASTIEN,M,A.HARIT,Olympique de Marseille
BASTIEN,M,M.KJAERGAARD,LOSC Lille
BASTIEN,A,E.LEPAUL,Stade Rennais
BASTIEN,A,M.FOFANA,Olympique Lyonnais
BASTIEN,A,D.DOUE,Paris Saint-Germain
FAB,G,Y.DIOUF,OGC Nice
FAB,D,J.LEFORT,Angers SCO
FAB,D,Z.ATHEKAME,Olympique Lyonnais
FAB,D,M.DEL-BLANCO,RC Strasbourg
FAB,D,A.SEKO,Le Havre AC
FAB,D,R.NICOLAISEN,Toulouse FC
FAB,M,R.MATONDO,Paris FC
FAB,M,G.HEIN,OGC Nice
FAB,M,K.DANOIS,AJ Auxerre
FAB,M,W.ZAIRE-EMERY,Paris Saint-Germain
FAB,M,G.BERNARDEAU,FC Lorient
FAB,A,L.SINAYOKO,Paris FC
FAB,A,L.AJORQUE,Stade Brestois
FAB,A,E.WAHI,OGC Nice
FLORIAN,G,B.SAMBA,Stade Rennais
FLORIAN,D,D.COPPOLA,Paris FC
FLORIAN,D,J.CLAUSS,OGC Nice
FLORIAN,D,M.NIAKHATE,Olympique Lyonnais
FLORIAN,D,O.CAMARA,Angers SCO
FLORIAN,M,A.GOLOVINE,AS Monaco
FLORIAN,M,S.SZYMANSKI,Stade Rennais
FLORIAN,M,C.TOLISSO,Olympique Lyonnais
FLORIAN,M,B.VANDENBOOMEN,Angers SCO
FLORIAN,M,T.JORGENSEN,Toulouse FC
FLORIAN,A,I.PAIXAO,Olympique de Marseille
FLORIAN,A,F.IVANOVIC,RC Lens
FLORIAN,A,F.TORRES,Paris Saint-Germain
FLORIAN,A,L.MAFOUTA,Le Mans FC
JEROME,G,F.JORGENSEN,RC Strasbourg
JEROME,D,A.AIT-BOUDLAL,Stade Rennais
JEROME,D,I.GANIOU,RC Lens
JEROME,D,A.MAITLAND-NILES,Olympique Lyonnais
JEROME,D,N.NGOY,LOSC Lille
JEROME,D,K.COULIBALY,RC Strasbourg
JEROME,M,G.REYNA,RC Strasbourg
JEROME,M,A.GOMES,Olympique de Marseille
JEROME,M,L.BLAS,Stade Rennais
JEROME,M,B.BRAHIMI,Le Mans FC
JEROME,M,G.ZECHIEL,LOSC Lille
JEROME,A,L.OPENDA,Olympique Lyonnais
JEROME,A,Y.GBOHO,Toulouse FC
JEROME,A,O.DEMBELE,Paris Saint-Germain
MICKA,G,B.OZER,LOSC Lille
MICKA,D,C.CRESSWELL,Stade Rennais
MICKA,D,A.KOUASSI,FC Lorient
MICKA,D,V.VANDERSON,AS Monaco
MICKA,D,L.RAOLISOA,Angers SCO
MICKA,D,N.MENDES,Paris Saint-Germain
MICKA,M,R.NDIAYE,Le Havre AC
MICKA,M,K.DOUMBIA,Stade Brestois
MICKA,M,A.DONNUM,Toulouse FC
MICKA,M,A.MILLE,ESTAC Troyes
MICKA,M,H.ABDELLI,Olympique de Marseille
MICKA,A,O.EDOUARD,RC Lens
MICKA,A,A.GOUIRI,Olympique de Marseille
MICKA,A,O.GIROUD,LOSC Lille
ROMU,G,M.SAFONOV,Paris Saint-Germain
ROMU,D,A.VINICIUS,Olympique Lyonnais
ROMU,D,Q.MERLIN,Stade Rennais
ROMU,D,T.SANTOS,LOSC Lille
ROMU,D,M.BARD,OGC Nice
ROMU,M,H.HARALDSSON,LOSC Lille
ROMU,M,T.MORTON,Olympique Lyonnais
ROMU,M,S.DIOP,OGC Nice
ROMU,M,M.IFNAOUI,ESTAC Troyes
ROMU,M,L.KOLEOSHO,Paris FC
ROMU,A,E.NUAMAH,Olympique Lyonnais
ROMU,A,J.ORTEGA,RC Strasbourg
ROMU,A,M.SIMBAKOLI,Angers SCO
ROMU,A,P.BRUNNER,AS Monaco
